{"task1": [1.1611015532036637, 1.2169686348578783, 3.8171960993534175, 2.1577367083828145, 17.53449972356085, 13.749230523405476, 0.11441551070947108, 0.9750002110024923, 2.0481280123278074, 0.4178554470186725, 7.299732493572025, 5.405127802564358, 2.0541374149458744, 6.71079347281296, 3.03653640842388, 9.498185286556286, 3.7630890450319083, 1.8641906049463526, 10.670770020027398, 5.291772589866002, 0.912245460839306, 0.20732586478679277, 12.816310409006174, 1.6373225835853016, 6.291571550369559, 20.239709319388293, 16.466083091274903, 13.474719001142073, 5.2761044442380856, 0.7250110520819842, 4.519523979103389, 4.225904366704887, 4.775521858228876, 13.912436341952132, 7.24644943484495, 9.313787360469487, 1.0596535411727601, 5.682048493486052, 4.5807379490262905, 3.3300869947532497, 5.307227776030219, 5.6272294256742645, 4.913975701062781, 4.802205375719392, 6.501355432613329, 11.47165060247919, 1.1319709719592113, 4.803995448402746, 3.272807297357087, 15.777869833110813, 4.517699029348238, 0.17814530949575066, 3.5284844379917275, 5.934930515784213, 6.125013426408485, 8.159217498552128, 5.019810939931819, 0.408248290463863, 7.4957996896270505, 4.283283920775676, 0.2637521893583148, 2.049056675010037, 6.8132996874920275, 8.405557343559956, 2.999321190171195, 5.6285099470110636, 3.655702647879198, 2.0465731207219395, 5.879747322073336, 9.329263895676059, 3.139348229106255, 0.5607987647363063, 0.6950480468569159, 10.191007784407427, 4.568082535241728, 9.192388155425117, 1.0021428596001425, 12.690431782391386, 7.765802747153207, 3.212717121212626, 4.218792040149278, 3.5777087639996634, 0.769800358919501, 0.8945002144062506, 5.085382100797452, 6.804547614641353, 6.163512150222625, 2.914609664251715, 7.816784172767301, 0.46205845409189783, 12.28312270520947, 2.0787069844672015, 19.79524821394902, 8.642489395470479, 9.065168465359845, 6.214172255980044, 6.830992648790024, 8.546023022424297, 7.3876871941035835, 0.16442642142942065], "task2": [29.629844392546197, 21.271746037577156, 39.167570695513476, 42.51326464355224, 25.824123847066797, 34.73198427198685, 21.55885231720954, 33.372163542163044, 11.67259342019464, 16.00268923632796, 43.12657326792424, 34.21997853404909, 20.88821669187017, 12.78829382523857, 27.740498610723492, 60.284583447604156, 47.81311500916767, 39.20795949308538, 44.99855363308826, 50.86446402302331, 38.83116116404721, 59.392957484402984, 25.413911491336084, 71.75945843853157, 22.967606359609242, 38.847317840059304, 49.725404437222515, 13.255726525328054, 46.97814442596343, 59.346138637610295, 30.025694421014336, 28.487306553644515, 11.630961036030865, 44.00182121996451, 50.82957069220025, 26.300703285972844, 28.636776340207483, 26.64458362899459, 17.962237685763508, 79.26970361214435, 37.717469775888375, 42.45943959519047, 31.75044069245111, 54.19201835801993, 37.18292776267721, 31.233139161747935, 10.0949389299632, 11.407907383792743, 67.0280759933574, 13.732450981215976, 46.14089935983625, 27.233694468304318, 13.353611495921019, 31.34003212071138, 23.560117002291232, 10.78409803635947, 52.597953935085314, 26.188089983639525, 24.203237376117926, 32.17096440245891, 60.34292722512907, 14.150821189505969, 21.34959611292726, 59.81487266684482, 53.61417093306554, 19.769416442436164, 57.50189702547937, 47.79943428631007, 56.56370997403237, 28.08864895608307, 41.14633980228737, 60.33677082915871, 50.78064494566631, 20.681602914200127, 58.59364732196159, 30.71794776505792, 18.290471784673606, 40.40300486527526, 38.88383273712685, 33.543949317442326, 36.07503985563129, 45.40302984828622, 14.018547893393597, 13.003710284704972, 34.480909699518236, 53.842303673409376, 38.769572339816506, 63.14959329256112, 63.49028812855116, 46.36631004852381, 30.669196636966724, 37.70090641078936, 74.26595232040428, 44.22673034873904, 47.63873057938815, 93.14152630609834, 42.01841386689153, 50.064990424924815, 28.87958412285847, 60.53936925942109], "task3": [9.191186780111263, 9.895580349666574, 21.64218683833632, 7.587524356250892, 21.440302667348732, 33.75017384002758, 16.810440021648887, 26.108607628927544, 6.49600970058672, 6.06887919557753, 16.895794196936553, 26.896311519981445, 20.840991598738803, 9.445397948105544, 12.516738835345233, 29.973533439667143, 23.43674033266259, 38.25601190193437, 34.35818636838945, 49.92136789812418, 24.42179443360203, 33.414744901264804, 23.40735507464457, 71.42060639884753, 22.57777222034086, 27.357337678421317, 21.30458371182953, 8.231274773617645, 32.52918238791965, 29.057070847299624, 10.966288544661522, 24.331250030957595, 5.919244839417545, 41.400155809851086, 35.389819746125376, 8.984544172248865, 27.042055557741257, 3.461209004419582, 10.248977912593842, 64.0508777525033, 27.506859739523136, 33.47245982998459, 13.000780214457983, 38.017524187966565, 22.639067633629878, 6.808042294916945, 7.298340111464619, 11.22674324177151, 44.93870145100004, 12.1929996743669, 35.323565983517064, 5.349808690560934, 7.5729327897684655, 18.03414508806787, 7.778888769436667, 6.454852194477273, 38.93569362873758, 25.31888057884932, 6.9997162781081235, 13.414650220397512, 25.247136921417972, 2.504043261500975, 4.734775818532259, 22.01233755525432, 42.37927245283173, 10.494013295385477, 41.83154842921197, 43.82057985030747, 47.38815006547379, 24.566519578714907, 28.891646968437843, 55.910211362274566, 49.35670686997714, 18.53718144033922, 33.161074169551526, 15.761569070282995, 16.375344353213, 13.933467547084328, 37.673525672501526, 29.426396073697067, 22.881470407232094, 22.680584242355295, 12.858636637177263, 10.48151742246175, 13.88352837825907, 52.60142559469525, 29.78741554058843, 9.72986506641404, 51.25948889882471, 44.38621915021424, 5.868204906923031, 34.12638247805233, 68.83136968613503, 17.163220262478024, 41.40626764598869, 91.63599578473274, 32.28159315635233, 35.04940318844686, 18.379677809120135, 42.320029960809016]}